rtol,runtime
0.1,60.384235787
0.01,60.018901084
0.001,60.019339173
0.0001,120.024342001
1.0e-5,120.023882167
1.0e-6,300.030983012
1.0e-7,720.115848582
1.0e-8,2280.700974048
