nk,runtime
804,1.0440797506
1005,1.0450133518000002
1206,1.0466483104000002
1407,1.0459979554
1809,1.0489594304
2412,1.0573268610000002
2814,1.070725642
3618,1.0604263155999998
4623,1.1012130612
5628,1.0898135704
7236,1.122688079
9045,1.121920995
11256,1.133014551
14070,1.1583279536
17688,1.1446366667999999
22311,1.2096634877999999
28140,1.2449879233999999
35376,1.2686108529999998
44421,1.3792007406
56079,1.4352257270000002
70551,1.5812797342
88641,1.7205004274
111555,1.9026318324000002
