rtol,runtime
0.1,120.028942641
0.01,120.036860938
0.001,120.035691859
0.0001,120.035510035
1.0e-5,180.040164579
1.0e-6,300.044823942
1.0e-7,600.098019162
1.0e-8,600.096564505
