nk,runtime
7236,1.096215676
9045,1.0834752046
11256,1.1020421034
14070,1.120058164
17688,1.0869419252
22311,1.1724408432
28140,1.1887572733999998
35376,1.3041480212
44421,1.3629852206000002
56079,1.4145268158
70551,1.5408139232
88641,1.718468331
111555,1.9167810585999998
